{"cameraMode":{"drawMode":0,"name":"Shaded","section":"Shading Mode"},"sceneLighting":true,"audioPlay":false,"sceneViewState":{"showFog":true,"showMaterialUpdate":false,"showSkybox":true,"showFlares":true,"showImageEffects":true,"showParticleSystems":true},"in2DMode":false,"pivot":{"x":-3.553905487060547,"y":0.782933235168457,"z":-6.5560832023620609},"rotation":{"x":-0.10898710042238236,"y":0.8167229294776917,"z":-0.1641211211681366,"w":-0.5423570871353149},"size":25.248506546020509,"orthographic":false}