{"cameraMode":{"drawMode":0,"name":"Shaded","section":"Shading Mode"},"sceneLighting":true,"audioPlay":false,"sceneViewState":{"showFog":true,"showMaterialUpdate":false,"showSkybox":true,"showFlares":true,"showImageEffects":true,"showParticleSystems":true},"in2DMode":false,"pivot":{"x":-0.207752525806427,"y":-1.1473209857940674,"z":12.58638858795166},"rotation":{"x":-0.2537012994289398,"y":-0.5210132598876953,"z":0.16563348472118379,"w":-0.7980157732963562},"size":26.672771453857423,"orthographic":false}